"first_name","last_name","job_title","department","email","address","phone_number","salary","password"
"Deborah","Wiley","Engineer - broadcasting (operations)","Computer games developer","nicholasmurphy@example.com","Port Dennismouth","454.671.6908x7301","13780","uIWG3BDd"
"Pamela","Ramos","Herpetologist","Market researcher","jamespatel@example.com","East Jamesshire","+1-476-637-2915x063","63139","IYlJiSfz"
"Wesley","Randall","Data scientist","Forest/woodland manager","acarson@example.com","New Brandonview","+1-605-412-1194x1422","12039","xT5zWsBj"
"Dennis","Brown","Forensic psychologist","Learning disability nurse","ldunn@example.com","Lake Brittany","(711)242-3218","9012","Kb0NAQIe"
"Angela","Yates","Designer - fashion/clothing","Administrator - sports","dscott@example.com","Ericksonmouth","5345035025","65480","UVbSh8A8"
"Aaron","Gallagher","Immunologist","Metallurgist","misty85@example.com","Jonesstad","727.704.3448","32237","u2SdWhnq"
"Jason","Robinson","Surveyor - land/geomatics","Hotel manager","jenny38@example.net","Lake William","(952)716-0984x108","32869","LAqMm1I6"
"Matthew","Frazier","Cabin crew","Editorial assistant","zachary76@example.net","Millsberg","471-470-3660x571","50593","eUPIJbCP"
"Brianna","Stewart","Psychologist - clinical","Sport and exercise psychologist","alyssa31@example.org","East Michael","+1-647-360-7869","58078","eoqhbuBR"
"Evan","Estrada","Airline pilot","Forensic scientist","jwilliams@example.org","Wilsonmouth","+1-238-328-3870x799","66285","TqQgG3ak"
"Joseph","Johnson","Manufacturing systems engineer","Licensed conveyancer","michelle14@example.com","Wernerhaven","(332)333-1688","16993","N5f3F69A"
"Madison","Sloan","Geneticist - molecular","Scientist - audiological","gary96@example.net","Scottview","(511)388-1482x322","4760","2S9uk9AV"
"Adam","Cooper","Public relations account executive","Personal assistant","gblair@example.org","Austinborough","001-907-664-6349","17509","Qnd25LMe"
"Hannah","Roberts","Ambulance person","Museum/gallery curator","stephaniewallace@example.org","Stevensburgh","(436)572-3054x9057","93218","VTg3oSqh"
"Timothy","Madden","Systems analyst","Geologist - engineering","nicole73@example.net","South Jessicafort","646-790-7670x00414","29703","et1gOlgj"
"Richard","Whitehead","Information officer","Systems developer","johnwilliams@example.com","West Randall","(274)400-8964x090","9679","sNu3nYH5"
"Christina","Bryant","Mental health nurse","Manufacturing engineer","egriffith@example.org","Melissashire","001-661-924-2397x8764","95430","wptfkMAJ"
"Christine","Cole","Animator","Sales executive","montoyamisty@example.org","East Elizabeth","806-272-3716x66794","65779","P8cqTsAi"
"Devin","Freeman","Glass blower/designer","Clinical molecular geneticist","aayala@example.net","East Sarahborough","+1-851-971-2458x58664","55722","zEZblsHt"
"Benjamin","Freeman","Embryologist - clinical","Building surveyor","cesarbarrera@example.com","Port Pambury","001-985-710-4237x049","91767","uU0HAd2Q"
"Christine","Jackson","Trade mark attorney","Geophysicist/field seismologist","sherrylarson@example.net","North Jaimeshire","001-617-801-6699x8124","21541","ZkyLTlKV"
"Jonathan","Clark","Equality and diversity officer","Scientist - water quality","brett09@example.net","Port Amy","(920)602-0619x13216","86372","1jf3GzD9"
"Stephanie","Ellis","Sports administrator","Pathologist","wolfjoseph@example.com","East Jacob","627.477.1706","60316","F3U5OtZV"
"Stephanie","Larson","Records manager","Personal assistant","nicholascampbell@example.net","North Loganburgh","+1-854-958-0114x68199","3835","8LWGAcG6"
"Rebecca","Tanner","Commissioning editor","Herbalist","chelseyharding@example.org","East Suzanneberg","(647)775-0392x9925","9540","iXQFggcK"
"Denise","Smith","Civil engineer - consulting","Medical secretary","lisaclark@example.net","Dunnport","467.960.4315x3414","48787","UgRmXDwb"
"Shelley","Lawson","Building services engineer","Tax inspector","shepherdchristina@example.net","Greenport","758.550.3223","37576","XV4Bcm07"
"Tammy","Lynch","Structural engineer","Farm manager","xsteele@example.org","Gonzalezshire","237.713.8034","22676","N3w3IpFn"
"Kevin","Anderson","Engineer - technical sales","Landscape architect","grivera@example.net","Monroeshire","(628)325-2394","33845","gnxgCiRv"
"Bryan","Orozco","Ceramics designer","Teacher - secondary school","hartmanmegan@example.org","Thomasville","+1-876-201-4044","1071","rwqAPV9F"
"Jeffrey","Hoover","Ambulance person","Press sub","cparsons@example.com","North Sarahton","(410)321-5231x043","98717","pRVTK1uX"
"Valerie","Craig","Journalist - magazine","Museum/gallery conservator","iwatson@example.net","North Danielstad","+1-930-935-7391x82031","61794","1pscTX1d"
"Angel","Nunez","Editor - commissioning","Administrator - education","gregorydaniels@example.com","South Terry","001-478-559-2777","723","w74NsVmS"
"George","Scott","Office manager","Herbalist","freemanjoanne@example.net","West Scottview","(496)959-0254x0230","18487","P7eq00Qe"
"Hunter","Keller","Telecommunications researcher","Psychologist - clinical","lucas90@example.org","South Karen","001-784-497-8413","23467","siYsTIj5"
"George","Bailey","Commissioning editor","Film/video editor","miguelsanchez@example.net","West Vincentborough","233.330.1340x98997","95204","CLtteMXt"
"Timothy","Rodriguez","Sales professional - IT","Horticulturist - commercial","brownjustin@example.com","South Madison","001-911-351-8934x678","97034","Mnr6J51J"
"Ryan","Ross","Equities trader","Designer - interior/spatial","meghan97@example.org","Fieldsbury","001-917-750-3674x06717","8036","xdD5cJME"
"James","Davis","Paramedic","Media buyer","jesse34@example.com","Crystalchester","(760)749-1460x64378","42142","hED4W0n2"
"Taylor","Herrera","Social research officer - government","Surveyor - quantity","leslie54@example.com","South Aaron","841.856.6363x54831","63499","qGS87jt6"
"Frank","Braun","Travel agency manager","Architectural technologist","patrick21@example.org","Cassandraview","001-496-796-2168x2206","44378","0fLH8mja"
"Heather","Roberts","Presenter - broadcasting","Psychiatrist","johnwoods@example.org","Joshuahaven","001-659-578-3864x10816","36465","4ky57YUm"
"Frank","Cochran","Journalist - newspaper","Designer - interior/spatial","steven32@example.net","Mayochester","001-816-837-6490x8291","98347","MwFm5Ffn"
"Jennifer","Marquez","Proofreader","Chartered management accountant","gary83@example.net","New Manuel","846-481-8131","26818","LsmjLLSD"
"Dennis","Perry","Consulting civil engineer","Civil Service administrator","xrobertson@example.org","Barrettfort","+1-856-484-0926","86072","n86szzzO"
"Anita","Holland","Radio broadcast assistant","Land/geomatics surveyor","carl48@example.net","Patriciastad","+1-341-781-1378x32104","86007","kWrqi84q"
"Joshua","Roberts","Financial controller","Veterinary surgeon","allisonperez@example.com","Port Rachel","+1-250-491-5628","80740","sUK8kO6o"
"John","Dennis","Publishing rights manager","Nurse - children's","williamsonmatthew@example.com","New Samantha","(538)938-4562","18018","W2YDwkNy"
"Stephen","Cooper","Economist","Recruitment consultant","hamptonhailey@example.net","Carolview","+1-743-821-4151x464","60900","k0Anmj5f"
"Jennifer","Vasquez","Automotive engineer","Chartered accountant","qmoore@example.com","Janetmouth","(378)420-1646","29307","5GbRulqx"
"Casey","Bowers","Teacher - music","Engineer - agricultural","sandersdonald@example.com","North John","+1-887-591-9582x0878","74994","flnUWUIw"
"David","Miller","Community pharmacist","Art therapist","greerstephen@example.com","Shawburgh","(347)334-8923","27369","BwY0juPn"
"Stephanie","Lewis","Bonds trader","Homeopath","michaelgray@example.org","Port Amberfurt","(670)938-0566x663","98462","0QzFnzIc"
"Virginia","Stephens","Associate Professor","Contractor","burnsdonna@example.org","Gloriahaven","201-927-0860","50390","Sofb3B8K"
"David","Anderson","Psychologist - counselling","Geneticist - molecular","nfrazier@example.net","Brandifort","+1-227-831-7310x988","85076","v1Sigwzn"
"William","Stein","Dealer","Comptroller","monica46@example.net","Laurastad","289.711.0390x979","75838","OQKPwx8W"
"John","Petersen","Financial risk analyst","Database administrator","castillodavid@example.org","Desireeton","(781)541-1007x70099","92235","iyF5Lm3Y"
"Patricia","Garcia","Fisheries officer","Horticulturist - amenity","jasonwilson@example.com","West Walter","+1-255-978-1678","60096","itR81UGH"
"Steven","Huff","Engineer - biomedical","Teacher - early years/pre","alyssawilson@example.org","Mcguireberg","890.881.6009","39020","VmbqzO8Y"
"Angela","Reynolds","Aid worker","Plant breeder/geneticist","castillojacob@example.com","Lauriefurt","(296)393-7402","28340","qXkV4QJV"
"Connor","Carter","Clinical scientist - histocompatibility and immunogenetics","IT sales professional","bjames@example.net","Rowlandbury","689.720.5800","60238","Mlz6HCmt"
"Robert","Hoffman","Accounting technician","Operational researcher","kimberly33@example.net","Anthonyfort","001-554-971-0090","26163","W3cKs5RK"
"Cassandra","Stevenson","Speech and language therapist","Museum/gallery exhibitions officer","alvarezmarc@example.net","West Ethan","689-407-3206","83658","EKfEgEwf"
"Katherine","Colon","Occupational psychologist","Aid worker","krystal42@example.org","West Jeremy","001-978-232-0052x2991","15013","7BZwf1c3"
"Joel","Walter","Art therapist","Hospital pharmacist","brownmary@example.org","South Cody","+1-789-339-8781","18423","eq48If00"
"Robert","Hall","Teacher - special educational needs","Research officer - political party","davisjill@example.com","Hillmouth","569-459-3894","16082","mfZsnNxv"
"Robin","Rice","Solicitor","Radio broadcast assistant","mathisscott@example.org","Port Jamie","593-550-7804","49467","KN5aWAKc"
"Francisco","Bowen","Waste management officer","Psychiatric nurse","bperez@example.org","Schmidtmouth","909.675.5393x0339","41850","8e9T07j9"
"Maria","Michael","Futures trader","Industrial/product designer","moralescharles@example.net","West James","537-893-5745x813","77166","TKyJTbv4"
"Suzanne","Fritz","Health and safety adviser","Scientist - research (medical)","danielhuerta@example.net","West Markport","762.352.1753","63745","zG6Nk51Z"
"Pamela","Patterson","Building control surveyor","Engineer - manufacturing","hansonnatasha@example.org","Johnburgh","7793520110","86249","LV3jspW9"
"Patricia","Parsons","Horticulturist - commercial","Scientist - biomedical","marcus83@example.org","Raymondstad","832-758-4323","72147","bKJdjfR9"
"Krista","Gallegos","Designer - fashion/clothing","Energy manager","jberry@example.net","West Leahshire","(218)792-5372x7816","84324","0teGSbBc"
"Cody","Garrett","Geologist - wellsite","Geophysical data processor","nataliehernandez@example.org","North Justin","569-201-0607","26288","csK8Sxki"
"Donna","Harris","Designer - interior/spatial","Education administrator","davidparker@example.com","West Trevor","567-578-8638x2268","73543","fYiYpIcI"
"Ashley","Craig","Ecologist","Engineer - chemical","sbowen@example.com","South Mary","6654623501","98661","FfaUy0Yj"
"Suzanne","Day","Clothing/textile technologist","Theatre manager","christinedavis@example.net","Ericchester","001-537-817-6757x080","65773","ZncgJDOS"
"Jeffrey","Davis","Building surveyor","Commercial art gallery manager","ithomas@example.org","Lake Cody","705-999-5493x53359","2167","36F9lt7e"
"Kathleen","Johnson","Production manager","Administrator - arts","dcameron@example.org","New Carl","607-469-4611x4110","15170","wAETsnJ6"
"Diane","Rodgers","Bonds trader","Quarry manager","denisecollins@example.org","Lopezfurt","(949)205-1619x536","11292","Ej9kQW76"
"Larry","Brooks","Sub","Occupational hygienist","andrew59@example.net","Edwardsburgh","641-662-7428","31707","kjvJ6USQ"
"Stacy","Blackwell","Herbalist","Gaffer","aali@example.org","West Ginahaven","687-203-0783x69377","89547","ylSqGWJ7"
"Timothy","James","Customer service manager","Teacher - English as a foreign language","matthewmclean@example.org","East Thomasville","(837)391-5102x24400","64669","NlppdHRM"
"Rebecca","Stephens","Customer service manager","Television floor manager","fpollard@example.org","Edwardsbury","(589)709-7396x99057","59237","7JIWCqeu"
"Amanda","Burgess","Clinical embryologist","Hotel manager","bmoore@example.net","Ramirezstad","759-753-5645","60354","A63vBQGL"
"Philip","Sanchez","Scientist - research (physical sciences)","Water engineer","connor27@example.com","Feliciaville","+1-530-409-1952x54083","85744","q1TGfSrb"
"Richard","Miller","Ecologist","Commercial art gallery manager","saundersmitchell@example.com","Port Kevinfort","001-915-370-2371x01267","73518","QjVvUXpv"
"Jeremy","Wright","Primary school teacher","Plant breeder/geneticist","lisa33@example.org","South Michaelburgh","814-231-8289x416","10827","OstL8Osc"
"Hannah","Craig","Physiological scientist","Engineer - mining","josephwilliamson@example.org","North Denise","+1-307-929-2501","38110","tfy5xUSF"
"Kristina","Wright","Air broker","Drilling engineer","corykane@example.org","Jonesshire","7157238024","87355","e3ZpZyMz"
"Crystal","Deleon","Physiological scientist","Psychotherapist - child","fernandoramos@example.net","South Robert","241-510-6526","41080","iSZUXLUo"
"Andrew","Rivera","Futures trader","Dietitian","barbara23@example.org","Murphyton","+1-717-343-0038x386","74697","c98mVLP3"
"Karina","Fuller","Amenity horticulturist","Press sub","michael94@example.org","New Gary","(495)755-5745x642","94338","m7fHSBMv"
"Edward","Blankenship","Journalist - newspaper","Research scientist (physical sciences)","ljones@example.com","West Megan","4878906482","11609","sxMQ10Q8"
"Raymond","Sanchez","Information officer","Database administrator","michaelmadden@example.com","East Brianview","(209)704-0132x87282","23333","mnt2GMSY"
"Carlos","Mcfarland","Careers information officer","Product designer","tanya46@example.com","Jacksonton","001-723-640-0012x023","3918","FZnmIfmZ"
"Samantha","Simon","Engineer - site","Television camera operator","olivia53@example.org","South Antonioland","001-326-917-6080x333","53560","ovOdk5mw"
"Robert","Taylor","Systems developer","Actuary","hannahrios@example.org","Kaufmanburgh","647-526-1601","88307","Ggt1WWml"
"Christopher","George","Health and safety inspector","Engineer - broadcasting (operations)","tracymyers@example.net","Dianehaven","(298)497-4457","1574","PTXNIuLc"
"Christopher","Green","Estate manager/land agent","Scientist - marine","kristyavila@example.org","South Michael","(609)593-9754x81430","11221","KxGQ9R7a"
